Workbook

Sheet Cooler Parameter Input
A1: BBCS2 Cooler Efficiency Calculator
A2: Temperatures (°F)
A3: Cooler # | B3: IC-1 | D3: IC-2 | F3: IC-3 | H3: AC/IC-4 | K3: Date of Assess
B4: T_in | C4: T_out | D4: T_in | E4: T_out | F4: T_in | G4: T_out | H4: T_in | I4: T_out | K4: 45834
A5: 1 | B5: 179 | C5: 91.5 | D5: 206.9 | E5: 92.4 | F5: 209.6 | G5: 90.6 | H5: 225.3 | I5: 114.9
A6: 2 | B6: 178 | C6: 97 | D6: 209.1 | E6: 94.5 | F6: 210.4 | G6: 94.5 | H6: 228.2 | I6: 100.6
A7: 3 | B7: 178.2 | C7: 91.6 | D7: 210.8 | E7: 93.2 | F7: 210.3 | G7: 91 | H7: 227 | I7: 116
A8: 4 | B8: 177.8 | C8: 91.2 | D8: 210.6 | E8: 89.6 | F8: 209.6 | G8: 89.8 | H8: 233.8 | I8: 114.4
A9: 5 | B9: 179.7 | C9: 90.8 | D9: 207.9 | E9: 93 | F9: 206.1 | G9: 91.7 | H9: 228.3 | I9: 116.8
A10: 6 | B10: 180.4 | C10: 92.3 | D10: 206 | E10: 91.5 | F10: 206 | G10: 92.8 | H10: 230 | I10: 116.1
A11: 7 | B11: 177.6 | C11: 91.5 | D11: 195.1 | E11: 92.9 | F11: 205 | G11: 90 | H11: 218.8 | I11: 114.5
A12: 8 | B12: 184 | C12: 93.4 | D12: 208.7 | E12: 94.7 | F12: 209.5 | G12: 92.9 | H12: 227.5 | I12: 115.7
A13: 9 | B13: 184 | C13: 97.4 | D13: 215 | E13: 94.8 | F13: 210.3 | G13: 90.9 | H13: 220.2 | I13: 116.2
A14: 10 | B14: 186 | C14: 92.8 | D14: 208.65 | E14: 89.3 | F14: 209 | G14: 90.4 | H14: 218 | I14: 115.5
A16: Flows (MMCFD) | E16: T Setpoint (°F) & Louver Position (%)
A17: Cooler # | B17: Inlet Gas Today | C17: Total Flow Today | E17: Cooler # | F17: IC-1 | I17: IC-2 | L17: IC-3 | O17: AC/IC-4
A18: 1 | B18: 5.8 | C18: - | F18: T Setpoint | G18: Louver | H18: Actual T | I18: T Setpoint | J18: Louver | K18: Actual T | L18: T Setpoint | M18: Louver | N18: Actual T | O18: T Setpoint | P18: Louver | Q18: Actual T
A19: 2 | B19: 5.7 | C19: - | E19: 1 | F19: - | G19: 0.814 | I19: - | J19: 1 | L19: - | M19: 0.628 | O19: - | P19: 0.256
A20: 3 | B20: 5.6 | C20: - | E20: 2 | F20: - | G20: 1 | I20: - | J20: 1 | L20: - | M20: 1 | O20: - | P20: 0
A21: 4 | B21: 5.4 | C21: - | E21: 3 | F21: - | G21: 0.898 | I21: - | J21: 1 | L21: - | M21: 0.478 | O21: - | P21: 0.481
A22: 5 | B22: 5.8 | C22: - | E22: 4 | F22: - | G22: 1 | I22: - | J22: 0.989 | L22: - | M22: 0.994 | O22: - | P22: 0.255
A23: 6 | B23: 5.8 | C23: - | E23: 5 | F23: - | G23: 1 | I23: - | J23: 1 | L23: - | M23: 0.75 | O23: - | P23: 0.273
A24: 7 | B24: 5.9 | C24: - | E24: 6 | F24: - | G24: 0.796 | I24: - | J24: 0.563 | L24: - | M24: 1 | O24: - | P24: 0.386
A25: 8 | B25: 5.7 | C25: - | E25: 7 | F25: - | G25: 1 | I25: - | J25: 1 | L25: - | M25: 0.643 | O25: - | P25: 0.31
A26: 9 | B26: 6.3 | C26: - | E26: 8 | F26: - | G26: 1 | I26: - | J26: 1 | L26: - | M26: 1 | O26: - | P26: 0.313
A27: 10 | B27: 6.2 | C27: - | E27: 9 | F27: - | G27: 1 | I27: - | J27: 1 | L27: - | M27: 0.806 | O27: - | P27: 0.179
E28: 10 | F28: - | G28: 1 | I28: - | J28: 0.514 | L28: - | M28: 0.385 | O28: - | P28: 0.353
A30: Actual Duty (1000 BTU/hr)
A31: Cooler # | B31: IC-1 | D31: IC-2 | F31: IC-3 | H31: AC/IC-4
B32: Duty | C32: Efficiency % | D32: Duty | E32: Efficiency % | F32: Duty | G32: Efficiency % | H32: Duty | I32: Efficiency %
A33: 1 | B33: ='Constants and Properties'!$H$4/397.3*AVERAGE($B$18:$C$18)*1/24*1000000*'Constants and Properties'!$E$4*(B5-C5)/1000 -> 736.15221 | C33: =B33/'Constants and Properties'!$B$21*100 -> 104.62623 | D33: ='Constants and Properties'!$H$4/397.3*AVERAGE($B$18:$C$18)*1/24*1000000*'Constants and Properties'!$E$4*(D5-E5)/1000 -> 963.30775 | E33: =D33/'Constants and Properties'!$C$21*100 -> 103.81461 | F33: ='Constants and Properties'!$H$4/397.3*AVERAGE($B$18:$C$18)*1/24*1000000*'Constants and Properties'!$E$4*(F5-G5)/1000 -> 1001.167 | G33: =F33/'Constants and Properties'!$D$21*100 -> 106.19197 | H33: ='Constants and Properties'!$H$4/397.3*AVERAGE($B$18:$C$18)*1/24*1000000*'Constants and Properties'!$E$4*(H5-I5)/1000 -> 928.81376 | I33: =H33/'Constants and Properties'!$E$21*100 -> 102.10812
A34: 2 | B34: ='Constants and Properties'!$H$4/397.3*AVERAGE($B$19:$C$19)*1/24*1000000*'Constants and Properties'!$E$4*(B6-C6)/1000 -> 669.7172 | C34: =B34/'Constants and Properties'!$B$21*100 -> 95.184101 | D34: ='Constants and Properties'!$H$4/397.3*AVERAGE($B$19:$C$19)*1/24*1000000*'Constants and Properties'!$E$4*(D6-E6)/1000 -> 947.52581 | E34: =D34/'Constants and Properties'!$C$21*100 -> 102.11381 | F34: ='Constants and Properties'!$H$4/397.3*AVERAGE($B$19:$C$19)*1/24*1000000*'Constants and Properties'!$E$4*(F6-G6)/1000 -> 958.27436 | G34: =F34/'Constants and Properties'!$D$21*100 -> 101.64242 | H34: ='Constants and Properties'!$H$4/397.3*AVERAGE($B$19:$C$19)*1/24*1000000*'Constants and Properties'!$E$4*(H6-I6)/1000 -> 1055.0113 | I34: =H34/'Constants and Properties'!$E$21*100 -> 115.9815
A35: 3 | B35: ='Constants and Properties'!$H$4/397.3*AVERAGE($B$20:$C$20)*1/24*1000000*'Constants and Properties'!$E$4*(B7-C7)/1000 -> 703.4569 | C35: =B35/'Constants and Properties'!$B$21*100 -> 99.979384 | D35: ='Constants and Properties'!$H$4/397.3*AVERAGE($B$20:$C$20)*1/24*1000000*'Constants and Properties'!$E$4*(D7-E7)/1000 -> 955.27173 | E35: =D35/'Constants and Properties'!$C$21*100 -> 102.94858 | F35: ='Constants and Properties'!$H$4/397.3*AVERAGE($B$20:$C$20)*1/24*1000000*'Constants and Properties'!$E$4*(F7-G7)/1000 -> 969.08093 | G35: =F35/'Constants and Properties'!$D$21*100 -> 102.78865 | H35: ='Constants and Properties'!$H$4/397.3*AVERAGE($B$20:$C$20)*1/24*1000000*'Constants and Properties'!$E$4*(H7-I7)/1000 -> 901.65954 | I35: =H35/'Constants and Properties'!$E$21*100 -> 99.122947
A36: 4 | B36: ='Constants and Properties'!$H$4/397.3*AVERAGE($B$21:$C$21)*1/24*1000000*'Constants and Properties'!$E$4*(B8-C8)/1000 -> 678.33344 | C36: =B36/'Constants and Properties'!$B$21*100 -> 96.408692 | D36: ='Constants and Properties'!$H$4/397.3*AVERAGE($B$21:$C$21)*1/24*1000000*'Constants and Properties'!$E$4*(D8-E8)/1000 -> 947.78691 | E36: =D36/'Constants and Properties'!$C$21*100 -> 102.14195 | F36: ='Constants and Properties'!$H$4/397.3*AVERAGE($B$21:$C$21)*1/24*1000000*'Constants and Properties'!$E$4*(F8-G8)/1000 -> 938.38737 | G36: =F36/'Constants and Properties'!$D$21*100 -> 99.533045 | H36: ='Constants and Properties'!$H$4/397.3*AVERAGE($B$21:$C$21)*1/24*1000000*'Constants and Properties'!$E$4*(H8-I8)/1000 -> 935.25419 | I36: =H36/'Constants and Properties'!$E$21*100 -> 102.81614
A37: 5 | B37: ='Constants and Properties'!$H$4/397.3*AVERAGE($B$21:$C$21)*1/24*1000000*'Constants and Properties'!$E$4*(B9-C9)/1000 -> 696.34923 | C37: =B37/'Constants and Properties'!$B$21*100 -> 98.9692 | D37: ='Constants and Properties'!$H$4/397.3*AVERAGE($B$21:$C$21)*1/24*1000000*'Constants and Properties'!$E$4*(D9-E9)/1000 -> 900.00592 | E37: =D37/'Constants and Properties'!$C$21*100 -> 96.992643 | F37: ='Constants and Properties'!$H$4/397.3*AVERAGE($B$21:$C$21)*1/24*1000000*'Constants and Properties'!$E$4*(F9-G9)/1000 -> 896.08944 | G37: =F37/'Constants and Properties'!$D$21*100 -> 95.04658 | H37: ='Constants and Properties'!$H$4/397.3*AVERAGE($B$21:$C$21)*1/24*1000000*'Constants and Properties'!$E$4*(H9-I9)/1000 -> 873.37389 | I37: =H37/'Constants and Properties'!$E$21*100 -> 96.013395
A38: 6 | B38: ='Constants and Properties'!$H$4/397.3*AVERAGE($B$21:$C$21)*1/24*1000000*'Constants and Properties'!$E$4*(B10-C10)/1000 -> 690.08287 | C38: =B38/'Constants and Properties'!$B$21*100 -> 98.078588 | D38: ='Constants and Properties'!$H$4/397.3*AVERAGE($B$21:$C$21)*1/24*1000000*'Constants and Properties'!$E$4*(D10-E10)/1000 -> 896.87274 | E38: =D38/'Constants and Properties'!$C$21*100 -> 96.654984 | F38: ='Constants and Properties'!$H$4/397.3*AVERAGE($B$21:$C$21)*1/24*1000000*'Constants and Properties'!$E$4*(F10-G10)/1000 -> 886.6899 | G38: =F38/'Constants and Properties'!$D$21*100 -> 94.049588 | H38: ='Constants and Properties'!$H$4/397.3*AVERAGE($B$21:$C$21)*1/24*1000000*'Constants and Properties'!$E$4*(H10-I10)/1000 -> 892.17297 | I38: =H38/'Constants and Properties'!$E$21*100 -> 98.080051
A39: 7 | B39: ='Constants and Properties'!$H$4/397.3*AVERAGE($B$21:$C$21)*1/24*1000000*'Constants and Properties'!$E$4*(B11-C11)/1000 -> 674.41697 | C39: =B39/'Constants and Properties'!$B$21*100 -> 95.85206 | D39: ='Constants and Properties'!$H$4/397.3*AVERAGE($B$21:$C$21)*1/24*1000000*'Constants and Properties'!$E$4*(D11-E11)/1000 -> 800.52746 | E39: =D39/'Constants and Properties'!$C$21*100 -> 86.27196 | F39: ='Constants and Properties'!$H$4/397.3*AVERAGE($B$21:$C$21)*1/24*1000000*'Constants and Properties'!$E$4*(F11-G11)/1000 -> 900.78921 | G39: =F39/'Constants and Properties'!$D$21*100 -> 95.545076 | H39: ='Constants and Properties'!$H$4/397.3*AVERAGE($B$21:$C$21)*1/24*1000000*'Constants and Properties'!$E$4*(H11-I11)/1000 -> 816.97665 | I39: =H39/'Constants and Properties'!$E$21*100 -> 89.813427
A40: 8 | B40: ='Constants and Properties'!$H$4/397.3*AVERAGE($B$21:$C$21)*1/24*1000000*'Constants and Properties'!$E$4*(B12-C12)/1000 -> 709.66524 | C40: =B40/'Constants and Properties'!$B$21*100 -> 100.86175 | D40: ='Constants and Properties'!$H$4/397.3*AVERAGE($B$21:$C$21)*1/24*1000000*'Constants and Properties'!$E$4*(D12-E12)/1000 -> 892.95626 | E40: =D40/'Constants and Properties'!$C$21*100 -> 96.23291 | F40: ='Constants and Properties'!$H$4/397.3*AVERAGE($B$21:$C$21)*1/24*1000000*'Constants and Properties'!$E$4*(F12-G12)/1000 -> 913.32193 | G40: =F40/'Constants and Properties'!$D$21*100 -> 96.874399 | H40: ='Constants and Properties'!$H$4/397.3*AVERAGE($B$21:$C$21)*1/24*1000000*'Constants and Properties'!$E$4*(H12-I12)/1000 -> 875.72377 | I40: =H40/'Constants and Properties'!$E$21*100 -> 96.271727
A41: 9 | B41: ='Constants and Properties'!$H$4/397.3*AVERAGE($B$21:$C$21)*1/24*1000000*'Constants and Properties'!$E$4*(B13-C13)/1000 -> 678.33344 | C41: =B41/'Constants and Properties'!$B$21*100 -> 96.408692 | D41: ='Constants and Properties'!$H$4/397.3*AVERAGE($B$21:$C$21)*1/24*1000000*'Constants and Properties'!$E$4*(D13-E13)/1000 -> 941.52055 | E41: =D41/'Constants and Properties'!$C$21*100 -> 101.46663 | F41: ='Constants and Properties'!$H$4/397.3*AVERAGE($B$21:$C$21)*1/24*1000000*'Constants and Properties'!$E$4*(F13-G13)/1000 -> 935.25419 | G41: =F41/'Constants and Properties'!$D$21*100 -> 99.200714 | H41: ='Constants and Properties'!$H$4/397.3*AVERAGE($B$21:$C$21)*1/24*1000000*'Constants and Properties'!$E$4*(H13-I13)/1000 -> 814.62677 | I41: =H41/'Constants and Properties'!$E$21*100 -> 89.555095
A42: 10 | B42: ='Constants and Properties'!$H$4/397.3*AVERAGE($B$27:$C$27)*1/24*1000000*'Constants and Properties'!$E$4*(B9-C9)/1000 -> 799.51207 | C42: =B42/'Constants and Properties'!$B$21*100 -> 113.6313 | D42: ='Constants and Properties'!$H$4/397.3*AVERAGE($B$27:$C$27)*1/24*1000000*'Constants and Properties'!$E$4*(D9-E9)/1000 -> 1033.3401 | E42: =D42/'Constants and Properties'!$C$21*100 -> 111.36192 | F42: ='Constants and Properties'!$H$4/397.3*AVERAGE($B$27:$C$27)*1/24*1000000*'Constants and Properties'!$E$4*(F9-G9)/1000 -> 1028.8434 | G42: =F42/'Constants and Properties'!$D$21*100 -> 109.12755 | H42: ='Constants and Properties'!$H$4/397.3*AVERAGE($B$27:$C$27)*1/24*1000000*'Constants and Properties'!$E$4*(H9-I9)/1000 -> 1002.7626 | I42: =H42/'Constants and Properties'!$E$21*100 -> 110.2376

Sheet Constants and Properties
A1: Constants, Properties, Ratings, Pi Tags
A2: Gas Properties to Cooler
A3: Component | B3: mole % | C3: Cp at ~200 deg F | D3: xi*Cp,i | E3: Cp,mix [BTU/lb/°F] | F3: Molar mass (lb/lb-mol) | G3: xi*MM,i | H3: MM, mix (lb/lb-mol)
A4: Nitrogen | B4: 0.02325 | C4: 0.24 | D4: =B4*C4 -> 0.00558 | E4: =SUM(D4:D17) -> 0.5436823 | F4: 28 | G4: ='Constants and Properties'!B4*F4 -> 0.651 | H4: =SUM(G4:G17) -> 25.439946
A5: Methane | B5: 0.60042 | C5: 0.552 | D5: =B5*C5 -> 0.33143184 | F5: 16.05 | G5: ='Constants and Properties'!B5*F5 -> 9.636741
A6: Carbon Dioxde | B6: 0.01106 | C6: 0.219 | D6: =B6*C6 -> 0.00242214 | F6: 44 | G6: ='Constants and Properties'!B6*F6 -> 0.48664
A7: Ethane | B7: 0.19726 | C7: 0.584 | D7: =B7*C7 -> 0.11519984 | F7: 30 | G7: ='Constants and Properties'!B7*F7 -> 5.9178
A8: Propane | B8: 0.09954 | C8: 0.533 | D8: =B8*C8 -> 0.05305482 | F8: 44.1 | G8: ='Constants and Properties'!B8*F8 -> 4.389714
A9: i-Butane | B9: 0.01141 | C9: 0.535 | D9: =B9*C9 -> 0.00610435 | F9: 58.124 | G9: ='Constants and Properties'!B9*F9 -> 0.66319484
A10: n-Butane | B10: 0.03507 | C10: 0.518 | D10: =B10*C10 -> 0.01816626 | F10: 58.124 | G10: ='Constants and Properties'!B10*F10 -> 2.0384087
A11: i-Pentane | B11: 0.0071 | C11: 0.567 | D11: =B11*C11 -> 0.0040257 | F11: 72.151 | G11: ='Constants and Properties'!B11*F11 -> 0.5122721
A12: n-Pentane | B12: 0.01092 | C12: 0.522 | D12: =B12*C12 -> 0.00570024 | F12: 72.151 | G12: ='Constants and Properties'!B12*F12 -> 0.78788892
A13: n-Hexane | B13: 0.00309 | C13: 0.505 | D13: =B13*C13 -> 0.00156045 | F13: 86.18 | G13: ='Constants and Properties'!B13*F13 -> 0.2662962
A14: n-Heptane | B14: 0.00075 | C14: 0.497 | D14: =B14*C14 -> 0.00037275 | F14: 100 | G14: ='Constants and Properties'!B14*F14 -> 0.075
A15: n-Octane | B15: 0.00012 | C15: 0.492 | D15: =B15*C15 -> 5.904e-05 | F15: 114.232 | G15: ='Constants and Properties'!B15*F15 -> 0.01370784
A16: n-Nonane | B16: 1e-05 | C16: 0.487 | D16: =B16*C16 -> 4.87e-06 | F16: 128.26 | G16: ='Constants and Properties'!B16*F16 -> 0.0012826
A17: n-Decane | B17: 0 | C17: 0.483 | D17: =B17*C17 -> 0 | F17: 142 | G17: ='Constants and Properties'!B17*F17 -> 0
A19: Rated Duty (1000 BTU/hr) - Taken After Cleaning
A20: Cooler type | B20: IC-1 | C20: IC-2 | D20: IC-3 | E20: AC
A21: 156EF-R-112-26 | B21: =AVERAGE('Cooler Parameter Input'!B33:B42) -> 703.60196 | C21: =AVERAGE('Cooler Parameter Input'!D33:D42) -> 927.91152 | D21: =AVERAGE('Cooler Parameter Input'!F33:F42) -> 942.78978 | E21: =AVERAGE('Cooler Parameter Input'!H33:H42) -> 909.63754
A23: Relevant Pi Tags
A24: Cooler # | B24: IC-1 | D24: IC-2 | F24: IC-3 | H24: AC/IC-4 | J24: FIT
B25: T_in | C25: T_out | D25: T_in | E25: T_out | F25: T_in | G25: T_out | H25: T_in | I25: T_out | J25: -
A26: 1 | B26: 792108 | C26: 792112 | D26: 792109 | E26: 792113 | F26: 792110 | G26: 792114 | H26: 792111 | I26: 792115 | J26: 792120
A27: 2 | B27: 792208 | C27: 792212 | D27: 792209 | E27: 792213 | F27: 792210 | G27: 792214 | H27: 792211 | I27: 792215 | J27: 792220
A28: 3 | B28: | | C28: | | D28: | | E28: | | F28: | | G28: | | H28: | | I28: | | J28: |
A29: 4 | B29: | | C29: | | D29: | | E29: | | F29: | | G29: | | H29: | | I29: | | J29: |
A30: 5 | B30: | | C30: | | D30: | | E30: | | F30: | | G30: | | H30: | | I30: | | J30: |
A31: 6 | B31: | | C31: | | D31: | | E31: | | F31: | | G31: | | H31: | | I31: | | J31: |
A32: 7 | B32: | | C32: | | D32: | | E32: | | F32: | | G32: | | H32: | | I32: | | J32: |
A33: 8 | B33: V | C33: V | D33: V | E33: V | F33: V | G33: V | H33: V | I33: V | J33: V
A34: 9 | B34: 792908 | C34: 792912 | D34: 792909 | E34: 792913 | F34: 792910 | G34: 792914 | H34: 792911 | I34: 792915 | J34: 792920
A35: 10 | B35: 792008 | C35: 792012 | D35: 792009 | E35: 792013 | F35: 792010 | G35: 792014 | H35: 792011 | I35: 792015 | J35: 792020
A37: Rated Duty (1000 BTU/hr) - Spec Sheet
A38: Cooler type | B38: IC-1 | C38: IC-2 | D38: IC-3 | E38: AC
A39: 156EF-R-112-26 | B39: 935.2 | C39: 1663.6 | D39: 1831.6 | E39: 2187.3

Sheet Sheet1
A1: Cooler 1 | B1: IC-1 | C1: IC-2 | D1: IC-3 | E1: IC-4 | G1: Cooler 2 | H1: IC-1 | I1: IC-2 | J1: IC-3 | K1: IC-4 | M1: Cooler 3 | N1: IC-1 | O1: IC-2 | P1: IC-3 | Q1: IC-4 | S1: Cooler 4 | T1: IC-1 | U1: IC-2 | V1: IC-3 | W1: IC-4 | Y1: Cooler 5 | Z1: IC-1 | AA1: IC-2 | AB1: IC-3 | AC1: IC-4 | AE1: Cooler 6 | AF1: IC-1 | AG1: IC-2 | AH1: IC-3 | AI1: IC-4 | AK1: Cooler 7 | AL1: IC-1 | AM1: IC-2 | AN1: IC-3 | AO1: IC-4 | AQ1: Cooler 8 | AR1: IC-1 | AS1: IC-2 | AT1: IC-3 | AU1: IC-4 | AW1: Cooler 9 | AX1: IC-1 | AY1: IC-2 | AZ1: IC-3 | BA1: IC-4 | BC1: Cooler 10 | BD1: IC-1 | BE1: IC-2 | BF1: IC-3 | BG1: IC-4
A2: Timestamp | B2: Duty | C2: Duty | D2: Duty | E2: Duty | G2: Timestamp | H2: Duty | I2: Duty | J2: Duty | K2: Duty | M2: Timestamp | N2: Duty | O2: Duty | P2: Duty | Q2: Duty | S2: Timestamp | T2: Duty | U2: Duty | V2: Duty | W2: Duty | Y2: Timestamp | Z2: Duty | AA2: Duty | AB2: Duty | AC2: Duty | AE2: Timestamp | AF2: Duty | AG2: Duty | AH2: Duty | AI2: Duty | AK2: Timestamp | AL2: Duty | AM2: Duty | AN2: Duty | AO2: Duty | AQ2: Timestamp | AR2: Duty | AS2: Duty | AT2: Duty | AU2: Duty | AW2: Timestamp | AX2: Duty | AY2: Duty | AZ2: Duty | BA2: Duty | BC2: Timestamp | BD2: Duty | BE2: Duty | BF2: Duty | BG2: Duty
A3: =#REF! -> #REF! | B3: =#REF! -> #REF! | C3: =#REF! -> #REF! | D3: =#REF! -> #REF! | E3: =#REF! -> #REF! | G3: =#REF! -> #REF! | H3: =#REF! -> #REF! | I3: =#REF! -> #REF! | J3: =#REF! -> #REF! | K3: =#REF! -> #REF! | M3: =#REF! -> #REF! | N3: =#REF! -> #REF! | O3: =#REF! -> #REF! | P3: =#REF! -> #REF! | Q3: =#REF! -> #REF!
