Workbook

Sheet Coolers (4)
A1: BWCS Cooler Efficiency Calculator
A2: Temperatures (°F) | K2: Date of Assess
A3: Cooler # | B3: IC-1 | D3: IC-2 | F3: IC-3 | H3: AC/IC-4
B4: T_in | C4: T_out | D4: T_in | E4: T_out | F4: T_in | G4: T_out | H4: T_in | I4: T_out
A5: 1
A6: 2
A7: 3
A8: 4
A10: Flows (MMCFD) | E10: T Setpoint (°F) & Louver Position (%)
A11: Cooler # | B11: Inlet Gas Today | C11: Total Flow Today | E11: Cooler # | F11: IC-1 | I11: IC-2 | L11: IC-3 | O11: AC/IC-4
A12: 1 | C12: - | F12: T Setpoint | G12: Louver | H12: Actual T | I12: T Setpoint | J12: Louver | K12: Actual T | L12: T Setpoint | M12: Louver | N12: Actual T | O12: T Setpoint | P12: Louver | Q12: Actual T
A13: 2 | C13: - | E13: 1
A14: 3 | C14: - | E14: 2
A15: 4 | C15: - | E15: 3
E16: 4
A18: Actual Duty (1000 BTU/hr)
A19: Cooler # | B19: IC-1 | D19: IC-2 | F19: IC-3 | H19: AC/IC-4
B20: Duty | C20: Efficiency % | D20: Duty | E20: Efficiency % | F20: Duty | G20: Efficiency % | H20: Duty | I20: Efficiency %
A21: 1 | B21: ='Constants and Properties'!$H$4/397.3*AVERAGE($B$12:$C$12)*1/24*1000000*'Constants and Properties'!$E$4*(B5-C5)/1000 -> #VALUE! | C21: =B21/'Constants and Properties'!$B$21*100 -> #VALUE! | D21: ='Constants and Properties'!$H$4/397.3*AVERAGE($B$12:$C$12)*1/24*1000000*'Constants and Properties'!$E$4*(D5-E5)/1000 -> #VALUE! | E21: =D21/'Constants and Properties'!$C$21*100 -> #VALUE! | F21: ='Constants and Properties'!$H$4/397.3*AVERAGE($B$12:$C$12)*1/24*1000000*'Constants and Properties'!$E$4*(F5-G5)/1000 -> #VALUE! | G21: =F21/'Constants and Properties'!$D$21*100 -> #VALUE! | H21: ='Constants and Properties'!$H$4/397.3*AVERAGE($B$12:$C$12)*1/24*1000000*'Constants and Properties'!$E$4*(H5-I5)/1000 -> #VALUE! | I21: =H21/'Constants and Properties'!$E$21*100 -> #VALUE!
A22: 2 | B22: ='Constants and Properties'!$H$4/397.3*AVERAGE($B$13:$C$13)*1/24*1000000*'Constants and Properties'!$E$4*(B6-C6)/1000 -> #VALUE! | C22: =B22/'Constants and Properties'!$B$21*100 -> #VALUE! | D22: ='Constants and Properties'!$H$4/397.3*AVERAGE($B$13:$C$13)*1/24*1000000*'Constants and Properties'!$E$4*(D6-E6)/1000 -> #VALUE! | E22: =D22/'Constants and Properties'!$C$21*100 -> #VALUE! | F22: ='Constants and Properties'!$H$4/397.3*AVERAGE($B$13:$C$13)*1/24*1000000*'Constants and Properties'!$E$4*(F6-G6)/1000 -> #VALUE! | G22: =F22/'Constants and Properties'!$D$21*100 -> #VALUE! | H22: ='Constants and Properties'!$H$4/397.3*AVERAGE($B$13:$C$13)*1/24*1000000*'Constants and Properties'!$E$4*(H6-I6)/1000 -> #VALUE! | I22: =H22/'Constants and Properties'!$E$21*100 -> #VALUE!
A23: 3 | B23: ='Constants and Properties'!$H$4/397.3*AVERAGE($B$14:$C$14)*1/24*1000000*'Constants and Properties'!$E$4*(B7-C7)/1000 -> #VALUE! | C23: =B23/'Constants and Properties'!$B$21*100 -> #VALUE! | D23: ='Constants and Properties'!$H$4/397.3*AVERAGE($B$14:$C$14)*1/24*1000000*'Constants and Properties'!$E$4*(D7-E7)/1000 -> #VALUE! | E23: =D23/'Constants and Properties'!$C$21*100 -> #VALUE! | F23: ='Constants and Properties'!$H$4/397.3*AVERAGE($B$14:$C$14)*1/24*1000000*'Constants and Properties'!$E$4*(F7-G7)/1000 -> #VALUE! | G23: =F23/'Constants and Properties'!$D$21*100 -> #VALUE! | H23: ='Constants and Properties'!$H$4/397.3*AVERAGE($B$14:$C$14)*1/24*1000000*'Constants and Properties'!$E$4*(H7-I7)/1000 -> #VALUE! | I23: =H23/'Constants and Properties'!$E$21*100 -> #VALUE!
A24: 4 | B24: ='Constants and Properties'!$H$4/397.3*AVERAGE($B$15:$C$15)*1/24*1000000*'Constants and Properties'!$E$4*(B8-C8)/1000 -> #VALUE! | C24: =B24/'Constants and Properties'!$B$22*100 -> #VALUE! | D24: ='Constants and Properties'!$H$4/397.3*AVERAGE($B$15:$C$15)*1/24*1000000*'Constants and Properties'!$E$4*(D8-E8)/1000 -> #VALUE! | E24: =D24/'Constants and Properties'!$C$22*100 -> #VALUE! | F24: ='Constants and Properties'!$H$4/397.3*AVERAGE($B$15:$C$15)*1/24*1000000*'Constants and Properties'!$E$4*(F8-G8)/1000 -> #VALUE! | G24: =F24/'Constants and Properties'!$D$22*100 -> #VALUE! | H24: ='Constants and Properties'!$H$4/397.3*AVERAGE($B$15:$C$15)*1/24*1000000*'Constants and Properties'!$E$4*(H8-I8)/1000 -> #VALUE! | I24: =H24/'Constants and Properties'!$E$22*100 -> #VALUE!

Sheet Constants and Properties
A1: Constants, Properties, Ratings, Pi Tags
A2: Gas Properties to Cooler
A3: Component | B3: mole % | C3: Cp at ~200 deg F | D3: xi*Cp,i | E3: Cp,mix [BTU/lb/°F] | F3: Molar mass (lb/lb-mol) | G3: xi*MM,i | H3: MM, mix (lb/lb-mol)
A4: Nitrogen | B4: UNKNOWN - REQUIRES GAS SAMPLE LAB RESULTS | C4: 0.24 | D4: =B4*C4 -> #VALUE! | E4: =SUM(D4:D17) -> #VALUE! | F4: 28 | G4: ='Constants and Properties'!B4*F4 -> #VALUE! | H4: =SUM(G4:G17) -> #VALUE!
A5: Methane | C5: 0.552 | D5: =B5*C5 -> 0 | F5: 16.05 | G5: ='Constants and Properties'!B5*F5 -> 0
A6: Carbon Dioxde | C6: 0.219 | D6: =B6*C6 -> 0 | F6: 44 | G6: ='Constants and Properties'!B6*F6 -> 0
A7: Ethane | C7: 0.584 | D7: =B7*C7 -> 0 | F7: 30 | G7: ='Constants and Properties'!B7*F7 -> 0
A8: Propane | C8: 0.533 | D8: =B8*C8 -> 0 | F8: 44.1 | G8: ='Constants and Properties'!B8*F8 -> 0
A9: i-Butane | C9: 0.535 | D9: =B9*C9 -> 0 | F9: 58.124 | G9: ='Constants and Properties'!B9*F9 -> 0
A10: n-Butane | C10: 0.518 | D10: =B10*C10 -> 0 | F10: 58.124 | G10: ='Constants and Properties'!B10*F10 -> 0
A11: i-Pentane | C11: 0.567 | D11: =B11*C11 -> 0 | F11: 72.151 | G11: ='Constants and Properties'!B11*F11 -> 0
A12: n-Pentane | C12: 0.522 | D12: =B12*C12 -> 0 | F12: 72.151 | G12: ='Constants and Properties'!B12*F12 -> 0
A13: n-Hexane | C13: 0.505 | D13: =B13*C13 -> 0 | F13: 86.18 | G13: ='Constants and Properties'!B13*F13 -> 0
A14: n-Heptane | C14: 0.497 | D14: =B14*C14 -> 0 | F14: 100 | G14: ='Constants and Properties'!B14*F14 -> 0
A15: n-Octane | C15: 0.492 | D15: =B15*C15 -> 0 | F15: 114.232 | G15: ='Constants and Properties'!B15*F15 -> 0
A16: n-Nonane | C16: 0.487 | D16: =B16*C16 -> 0 | F16: 128.26 | G16: ='Constants and Properties'!B16*F16 -> 0
A17: n-Decane | C17: 0.483 | D17: =B17*C17 -> 0 | F17: 142 | G17: ='Constants and Properties'!B17*F17 -> 0
A19: Rated Duty (1000 BTU/hr)
A20: Cooler type | B20: IC-1 | C20: IC-2 | D20: IC-3 | E20: AC
A21: 156EF-R-112-26 | B21: =1199386/1000 -> 1199.386 | C21: =1604500/1000 -> 1604.5 | D21: =1759500/1000 -> 1759.5 | E21: =2148400/1000 -> 2148.4
A23: Relevant Pi Tags
A24: Cooler # | B24: IC-1 | D24: IC-2 | F24: IC-3 | H24: AC/IC-4 | J24: FIT
B25: T_in | C25: T_out | D25: T_in | E25: T_out | F25: T_in | G25: T_out | H25: T_in | I25: T_out | J25: -
A26: 1 | B26: 822108 | C26: 822112 | D26: 822109 | E26: 822113 | F26: 822110 | G26: 822114 | H26: 822111 | I26: 822115 | J26: 822120
A27: 2 | B27: | | C27: | | D27: | | E27: | | F27: | | G27: | | H27: | | I27: | | J27: |
A28: 3 | B28: V | C28: V | D28: V | E28: V | F28: V | G28: V | H28: V | I28: V | J28: V
A29: 4 | B29: 822408 | C29: 822412 | D29: 822409 | E29: 822413 | F29: 822410 | G29: 822414 | H29: 822411 | I29: 822415 | J29: 822420
